<?xml version="1.0" encoding="UTF-8"?>

<!-- generated on 2025-10-22 21:54:05 by Eclipse SUMO netedit Version 1.24.0
-->

<additional xmlns:xsi="http://www.w3.org/2001/XMLSchema-instance" xsi:noNamespaceSchemaLocation="http://sumo.dlr.de/xsd/additional_file.xsd">
    <!-- Detectors -->
    <laneAreaDetector id="det1" lane="-802372534#0_1" pos="-15.00" length="5.00" period="1.00" file="detector_output.xml" friendlyPos="1"/>
    <laneAreaDetector id="det10" lane="-15104913#0_1" pos="-20.00" length="5.00" period="1.00" file="detector_output.xml" friendlyPos="1"/>
    <laneAreaDetector id="det100" lane="596216239#1_0" pos="-20.00" length="5.00" period="1.00" file="detector_output.xml" friendlyPos="1"/>
    <laneAreaDetector id="det101" lane="-123011256#0_0" pos="-20.00" length="5.00" period="25.00" file="detector_output.xml" friendlyPos="1"/>
    <laneAreaDetector id="det102" lane="724754674#2_0" pos="-20.00" length="5.00" period="25.00" file="detector_output.xml" friendlyPos="1"/>
    <laneAreaDetector id="det103" lane="123011299#2_0" pos="-20.00" length="5.00" period="25.00" file="detector_output.xml" friendlyPos="1"/>
    <laneAreaDetector id="det104" lane="-123011256#1_0" pos="-20.00" length="5.00" period="25.00" file="detector_output.xml" friendlyPos="1"/>
    <laneAreaDetector id="det105" lane="15109157#13_0" pos="-20.00" length="5.00" period="25.00" file="detector_output.xml" friendlyPos="1"/>
    <laneAreaDetector id="det106" lane="145186309_0" pos="-20.00" length="5.00" period="25.00" file="detector_output.xml" friendlyPos="1"/>
    <laneAreaDetector id="det107" lane="488963862#2_0" pos="-20.00" length="5.00" period="1.00" file="detector_output.xml" friendlyPos="1"/>
    <laneAreaDetector id="det108" lane="488991300_0" pos="-20.00" length="5.00" period="1.00" file="detector_output.xml" friendlyPos="1"/>
    <laneAreaDetector id="det109" lane="488991300_1" pos="-20.00" length="5.00" period="1.00" file="detector_output.xml" friendlyPos="1"/>
    <laneAreaDetector id="det11" lane="1113556860#1_0" pos="-20.00" length="5.00" period="1.00" file="detector_output.xml" friendlyPos="1"/>
    <laneAreaDetector id="det110" lane="-488959804_0" pos="-20.00" length="5.00" period="1.00" file="detector_output.xml" friendlyPos="1"/>
    <laneAreaDetector id="det111" lane="-488959804_1" pos="-20.00" length="5.00" period="1.00" file="detector_output.xml" friendlyPos="1"/>
    <laneAreaDetector id="det112" lane="488991272_0" pos="-20.00" length="5.00" period="1.00" file="detector_output.xml" friendlyPos="1"/>
    <laneAreaDetector id="det113" lane="488991272_1" pos="-20.00" length="5.00" period="1.00" file="detector_output.xml" friendlyPos="1"/>
    <laneAreaDetector id="det114" lane="488959805_0" pos="-20.00" length="5.00" period="1.00" file="detector_output.xml" friendlyPos="1"/>
    <laneAreaDetector id="det115" lane="488959805_1" pos="-20.00" length="5.00" period="1.00" file="detector_output.xml" friendlyPos="1"/>
    <laneAreaDetector id="det116" lane="488963863#2_0" pos="-20.00" length="5.00" period="1.00" file="detector_output.xml" friendlyPos="1"/>
    <laneAreaDetector id="det12" lane="1113556860#1_1" pos="-20.00" length="5.00" period="1.00" file="detector_output.xml" friendlyPos="1"/>
    <laneAreaDetector id="det13" lane="-15110621#0_0" pos="-20.00" length="5.00" period="1.00" file="detector_output.xml" friendlyPos="1"/>
    <laneAreaDetector id="det14" lane="-15105156#0_0" pos="-20.00" length="5.00" period="25.00" file="detector_output.xml" friendlyPos="1"/>
    <laneAreaDetector id="det15" lane="-15105156#0_1" pos="-20.00" length="5.00" period="25.00" file="detector_output.xml" friendlyPos="1"/>
    <laneAreaDetector id="det16" lane="-15104913#21_0" pos="-20.00" length="5.00" period="25.00" file="detector_output.xml" friendlyPos="1"/>
    <laneAreaDetector id="det17" lane="-15104913#21_1" pos="-20.00" length="5.00" period="25.00" file="detector_output.xml" friendlyPos="1"/>
    <laneAreaDetector id="det18" lane="15122946#1_0" pos="-20.00" length="5.00" period="25.00" file="detector_output.xml" friendlyPos="1"/>
    <laneAreaDetector id="det19" lane="15104913#20_0" pos="-20.00" length="5.00" period="25.00" file="detector_output.xml" friendlyPos="1"/>
    <laneAreaDetector id="det2" lane="-556377915#0_0" pos="-20.00" length="5.00" period="1.00" file="detector_output.xml" friendlyPos="1"/>
    <laneAreaDetector id="det20" lane="15104913#20_1" pos="-20.00" length="5.00" period="25.00" file="detector_output.xml" friendlyPos="1"/>
    <laneAreaDetector id="det21" lane="-15105156#3_0" pos="-20.00" length="5.00" period="1.00" file="detector_output.xml" friendlyPos="1"/>
    <laneAreaDetector id="det22" lane="-15105156#3_1" pos="-20.00" length="5.00" period="1.00" file="detector_output.xml" friendlyPos="1"/>
    <laneAreaDetector id="det23" lane="-1158488310#6_0" pos="-20.00" length="5.00" period="1.00" file="detector_output.xml" friendlyPos="1"/>
    <laneAreaDetector id="det24" lane="15105156#2_0" pos="-20.00" length="5.00" period="1.00" file="detector_output.xml" friendlyPos="1"/>
    <laneAreaDetector id="det25" lane="15105156#2_1" pos="-20.00" length="5.00" period="1.00" file="detector_output.xml" friendlyPos="1"/>
    <laneAreaDetector id="det26" lane="1158488310#5_0" pos="-20.00" length="5.00" period="1.00" file="detector_output.xml" friendlyPos="1"/>
    <laneAreaDetector id="det27" lane="1428508044_0" pos="-20.00" length="5.00" period="1.00" file="detector_output.xml" friendlyPos="1"/>
    <laneAreaDetector id="det28" lane="1428508044_1" pos="-20.00" length="5.00" period="1.00" file="detector_output.xml" friendlyPos="1"/>
    <laneAreaDetector id="det29" lane="1428508044_2" pos="-20.00" length="5.00" period="1.00" file="detector_output.xml" friendlyPos="1"/>
    <laneAreaDetector id="det3" lane="888173937_1" pos="-20.00" length="5.00" period="1.00" file="detector_output.xml" friendlyPos="1"/>
    <laneAreaDetector id="det30" lane="-1428508045_0" pos="-20.00" length="5.00" period="1.00" file="detector_output.xml" friendlyPos="1"/>
    <laneAreaDetector id="det31" lane="-1428508045_1" pos="-20.00" length="5.00" period="1.00" file="detector_output.xml" friendlyPos="1"/>
    <laneAreaDetector id="det32" lane="-1428508045_2" pos="-20.00" length="5.00" period="1.00" file="detector_output.xml" friendlyPos="1"/>
    <laneAreaDetector id="det33" lane="-15107357#0_0" pos="-20.00" length="5.00" period="1.00" file="detector_output.xml" friendlyPos="1"/>
    <laneAreaDetector id="det34" lane="365986968#3_0" pos="-20.00" length="5.00" period="1.00" file="detector_output.xml" friendlyPos="1"/>
    <laneAreaDetector id="det35" lane="365986968#3_1" pos="-20.00" length="5.00" period="1.00" file="detector_output.xml" friendlyPos="1"/>
    <laneAreaDetector id="det36" lane="-15112706#0_0" pos="-20.00" length="5.00" period="1.00" file="detector_output.xml" friendlyPos="1"/>
    <laneAreaDetector id="det37" lane="-365986968#4_0" pos="-15.00" length="5.00" period="1.00" file="detector_output.xml" friendlyPos="1"/>
    <laneAreaDetector id="det38" lane="-365986968#4_1" pos="-15.00" length="5.00" period="1.00" file="detector_output.xml" friendlyPos="1"/>
    <laneAreaDetector id="det39" lane="145186681#3_0" pos="-10.00" length="5.00" period="1.00" file="detector_output.xml" friendlyPos="1"/>
    <laneAreaDetector id="det4" lane="-15113111#0_0" pos="-20.00" length="5.00" period="1.00" file="detector_output.xml" friendlyPos="1"/>
    <laneAreaDetector id="det40" lane="-888173939#0_0" pos="-20.00" length="5.00" period="1.00" file="detector_output.xml" friendlyPos="1"/>
    <laneAreaDetector id="det41" lane="-145186681#4_0" pos="-20.00" length="5.00" period="1.00" file="detector_output.xml" friendlyPos="1"/>
    <laneAreaDetector id="det42" lane="-425117175#3_0" pos="-20.00" length="5.00" period="1.00" file="detector_output.xml" friendlyPos="1"/>
    <laneAreaDetector id="det43" lane="425117175#2_0" pos="-20.00" length="5.00" period="1.00" file="detector_output.xml" friendlyPos="1"/>
    <laneAreaDetector id="det44" lane="737416853#1_0" pos="-20.00" length="5.00" period="1.00" file="detector_output.xml" friendlyPos="1"/>
    <laneAreaDetector id="det45" lane="145186677#5_0" pos="-20.00" length="5.00" period="1.00" file="detector_output.xml" friendlyPos="1"/>
    <laneAreaDetector id="det46" lane="-145186681#0_0" pos="-20.00" length="5.00" period="1.00" file="detector_output.xml" friendlyPos="1"/>
    <laneAreaDetector id="det47" lane="-15113026#0_0" pos="-20.00" length="5.00" period="1.00" file="detector_output.xml" friendlyPos="1"/>
    <laneAreaDetector id="det48" lane="-15113026#0_1" pos="-20.00" length="5.00" period="1.00" file="detector_output.xml" friendlyPos="1"/>
    <laneAreaDetector id="det49" lane="15113586#9_0" pos="-20.00" length="5.00" period="1.00" file="detector_output.xml" friendlyPos="1"/>
    <laneAreaDetector id="det5" lane="-802372534#0_0" pos="-10.00" length="5.00" period="1.00" file="detector_output.xml" friendlyPos="1"/>
    <laneAreaDetector id="det50" lane="15113026#7_0" pos="-20.00" length="5.00" period="1.00" file="detector_output.xml" friendlyPos="1"/>
    <laneAreaDetector id="det51" lane="15113026#7_1" pos="-20.00" length="5.00" period="1.00" file="detector_output.xml" friendlyPos="1"/>
    <laneAreaDetector id="det52" lane="723289936#3_0" pos="-20.00" length="5.00" period="1.00" file="detector_output.xml" friendlyPos="1"/>
    <laneAreaDetector id="det53" lane="-15118230#1_0" pos="-20.00" length="5.00" period="1.00" file="detector_output.xml" friendlyPos="1"/>
    <laneAreaDetector id="det54" lane="-15113026#8_0" pos="-20.00" length="5.00" period="1.00" file="detector_output.xml" friendlyPos="1"/>
    <laneAreaDetector id="det55" lane="-15113026#8_1" pos="-20.00" length="5.00" period="1.00" file="detector_output.xml" friendlyPos="1"/>
    <laneAreaDetector id="det56" lane="1430503666_0" pos="-20.00" length="5.00" period="1.00" file="detector_output.xml" friendlyPos="1"/>
    <laneAreaDetector id="det57" lane="1430503666_1" pos="-20.00" length="5.00" period="1.00" file="detector_output.xml" friendlyPos="1"/>
    <laneAreaDetector id="det58" lane="-15120344_0" pos="-20.00" length="5.00" period="1.00" file="detector_output.xml" friendlyPos="1"/>
    <laneAreaDetector id="det59" lane="-145186677#0_0" pos="-20.00" length="5.00" period="1.00" file="detector_output.xml" friendlyPos="1"/>
    <laneAreaDetector id="det6" lane="888173937_0" pos="-20.00" length="5.00" period="1.00" file="detector_output.xml" friendlyPos="1"/>
    <laneAreaDetector id="det60" lane="-888173933_0" pos="-20.00" length="5.00" period="1.00" file="detector_output.xml" friendlyPos="1"/>
    <laneAreaDetector id="det61" lane="-1430786531_0" pos="-20.00" length="5.00" period="1.00" file="detector_output.xml" friendlyPos="1"/>
    <laneAreaDetector id="det62" lane="-1430786531_1" pos="-20.00" length="5.00" period="1.00" file="detector_output.xml" friendlyPos="1"/>
    <laneAreaDetector id="det63" lane="-15118591#0_0" pos="-20.00" length="5.00" period="1.00" file="detector_output.xml" friendlyPos="1"/>
    <laneAreaDetector id="det64" lane="-1430785618_0" pos="-20.00" length="5.00" period="1.00" file="detector_output.xml" friendlyPos="1"/>
    <laneAreaDetector id="det65" lane="-1430785618_1" pos="-20.00" length="5.00" period="1.00" file="detector_output.xml" friendlyPos="1"/>
    <laneAreaDetector id="det66" lane="-15103522#0_0" pos="-20.00" length="5.00" period="1.00" file="detector_output.xml" friendlyPos="1"/>
    <laneAreaDetector id="det67" lane="-761098574#0_0" pos="-20.00" length="5.00" period="1.00" file="detector_output.xml" friendlyPos="1"/>
    <laneAreaDetector id="det68" lane="-642998074#0_0" pos="-20.00" length="5.00" period="1.00" file="detector_output.xml" friendlyPos="1"/>
    <laneAreaDetector id="det69" lane="425117175#9_0" pos="-20.00" length="5.00" period="1.00" file="detector_output.xml" friendlyPos="1"/>
    <laneAreaDetector id="det7" lane="802372534#11_0" pos="-20.00" length="5.00" period="1.00" file="detector_output.xml" friendlyPos="1"/>
    <laneAreaDetector id="det70" lane="288917411#8_0" pos="-20.00" length="5.00" period="1.00" file="detector_output.xml" friendlyPos="1"/>
    <laneAreaDetector id="det71" lane="-15116082_0" pos="-20.00" length="5.00" period="1.00" file="detector_output.xml" friendlyPos="1"/>
    <laneAreaDetector id="det72" lane="425105849_0" pos="-10.00" length="5.00" period="1.00" file="detector_output.xml" friendlyPos="1"/>
    <laneAreaDetector id="det73" lane="144424817#4_0" pos="-15.00" length="5.00" period="1.00" file="detector_output.xml" friendlyPos="1"/>
    <laneAreaDetector id="det74" lane="144424817#4_1" pos="-15.00" length="5.00" period="1.00" file="detector_output.xml" friendlyPos="1"/>
    <laneAreaDetector id="det75" lane="-1061239925_0" pos="-20.00" length="5.00" period="1.00" file="detector_output.xml" friendlyPos="1"/>
    <laneAreaDetector id="det76" lane="173877361#2_0" pos="-20.00" length="5.00" period="1.00" file="detector_output.xml" friendlyPos="1"/>
    <laneAreaDetector id="det77" lane="173877361#2_1" pos="-20.00" length="5.00" period="1.00" file="detector_output.xml" friendlyPos="1"/>
    <laneAreaDetector id="det78" lane="15116082_0" pos="-20.00" length="5.00" period="1.00" file="detector_output.xml" friendlyPos="1"/>
    <laneAreaDetector id="det79" lane="361653562_0" pos="-20.00" length="5.00" period="1.00" file="detector_output.xml" friendlyPos="1"/>
    <laneAreaDetector id="det8" lane="802372534#11_1" pos="-20.00" length="5.00" period="1.00" file="detector_output.xml" friendlyPos="1"/>
    <laneAreaDetector id="det80" lane="361653562_1" pos="-20.00" length="5.00" period="1.00" file="detector_output.xml" friendlyPos="1"/>
    <laneAreaDetector id="det81" lane="361653560_0" pos="-20.00" length="5.00" period="1.00" file="detector_output.xml" friendlyPos="1"/>
    <laneAreaDetector id="det82" lane="144424806#3_0" pos="-20.00" length="5.00" period="1.00" file="detector_output.xml" friendlyPos="1"/>
    <laneAreaDetector id="det83" lane="144424806#3_1" pos="-20.00" length="5.00" period="1.00" file="detector_output.xml" friendlyPos="1"/>
    <laneAreaDetector id="det84" lane="144424831#4_0" pos="-20.00" length="5.00" period="1.00" file="detector_output.xml" friendlyPos="1"/>
    <laneAreaDetector id="det85" lane="144424831#4_1" pos="-20.00" length="5.00" period="1.00" file="detector_output.xml" friendlyPos="1"/>
    <laneAreaDetector id="det86" lane="176875270_0" pos="-20.00" length="5.00" period="1.00" file="detector_output.xml" friendlyPos="1"/>
    <laneAreaDetector id="det87" lane="176875270_1" pos="-20.00" length="5.00" period="1.00" file="detector_output.xml" friendlyPos="1"/>
    <laneAreaDetector id="det88" lane="361653558_0" pos="-6.00" length="5.00" period="1.00" file="detector_output.xml" friendlyPos="1"/>
    <laneAreaDetector id="det89" lane="15124336#2_0" pos="-5.00" length="5.00" period="1.00" file="detector_output.xml" friendlyPos="1"/>
    <laneAreaDetector id="det9" lane="-15104913#0_0" pos="-20.00" length="5.00" period="1.00" file="detector_output.xml" friendlyPos="1"/>
    <laneAreaDetector id="det90" lane="15124336#2_1" pos="-5.00" length="5.00" period="1.00" file="detector_output.xml" friendlyPos="1"/>
    <laneAreaDetector id="det91" lane="15104599#0_0" pos="-20.00" length="5.00" period="1.00" file="detector_output.xml" friendlyPos="1"/>
    <laneAreaDetector id="det92" lane="15104599#0_1" pos="-20.00" length="5.00" period="1.00" file="detector_output.xml" friendlyPos="1"/>
    <laneAreaDetector id="det93" lane="888173925#0_0" pos="-5.00" length="5.00" period="1.00" file="detector_output.xml" friendlyPos="1"/>
    <laneAreaDetector id="det94" lane="888173925#0_1" pos="-5.00" length="5.00" period="1.00" file="detector_output.xml" friendlyPos="1"/>
    <laneAreaDetector id="det95" lane="596216238#0_0" pos="-20.00" length="5.00" period="1.00" file="detector_output.xml" friendlyPos="1"/>
    <laneAreaDetector id="det96" lane="596216239#0_0" pos="-20.00" length="5.00" period="1.00" file="detector_output.xml" friendlyPos="1"/>
    <laneAreaDetector id="det97" lane="28435935#1_0" pos="-8.00" length="5.00" period="1.00" file="detector_output.xml" friendlyPos="1"/>
    <laneAreaDetector id="det98" lane="596216237#1_0" pos="-12.00" length="5.00" period="1.00" file="detector_output.xml" friendlyPos="1"/>
    <laneAreaDetector id="det99" lane="123011260#3_0" pos="-10.00" length="5.00" period="1.00" file="detector_output.xml" friendlyPos="1"/>
</additional>
