<?xml version="1.0" encoding="UTF-8"?>

<!-- generated on 2025-10-22 11:57:51 by Eclipse SUMO GUI Version 1.24.0
<sumoConfiguration xmlns:xsi="http://www.w3.org/2001/XMLSchema-instance" xsi:noNamespaceSchemaLocation="http://sumo.dlr.de/xsd/sumoConfiguration.xsd">

    <input>
        <net-file value="/home/jesse-mccaslin/Downloads/Sumo/SUMO_SIM/../../2025-09-22-15-39-59/osm.net.xml.gz"/>
        <route-files value="/home/jesse-mccaslin/Downloads/Sumo/SUMO_SIM/../../2025-09-22-15-39-59/osm.bus.trips.xml,/home/jesse-mccaslin/Downloads/Sumo/SUMO_SIM/../../2025-09-22-15-39-59/osm.motorcycle.trips.xml,/home/jesse-mccaslin/Downloads/Sumo/SUMO_SIM/../../2025-09-22-15-39-59/osm.passenger.trips.xml,/home/jesse-mccaslin/Downloads/Sumo/SUMO_SIM/../../2025-09-22-15-39-59/osm.truck.trips.xml"/>
        <additional-files value="/home/jesse-mccaslin/Downloads/Sumo/SUMO_SIM/../../2025-09-22-15-39-59/osm.poly.xml.gz,/home/jesse-mccaslin/Downloads/Sumo/SUMO_SIM/../../2025-09-22-15-39-59/output.add.xml,/home/jesse-mccaslin/Downloads/Sumo/SUMO_SIM/../../2025-09-22-15-39-59/detectors.add.xml"/>
    </input>

    <output>
        <tripinfo-output value="/home/jesse-mccaslin/Downloads/Sumo/SUMO_SIM/../../2025-09-22-15-39-59/tripinfos.xml"/>
        <statistic-output value="/home/jesse-mccaslin/Downloads/Sumo/SUMO_SIM/../../2025-09-22-15-39-59/stats.xml"/>
    </output>

    <time>
        <step-length value="1"/>
    </time>

    <processing>
        <ignore-route-errors value="true"/>
        <tls.actuated.jam-threshold value="30"/>
    </processing>

    <routing>
        <device.rerouting.adaptation-steps value="18"/>
        <device.rerouting.adaptation-interval value="10"/>
    </routing>

    <report>
        <verbose value="true"/>
        <duration-log.statistics value="true"/>
        <no-step-log value="true"/>
    </report>

    <gui_only>
        <gui-settings-file value="/home/jesse-mccaslin/Downloads/Sumo/SUMO_SIM/../../2025-09-22-15-39-59/osm.view.xml"/>
    </gui_only>

</sumoConfiguration>
-->

<meandata xmlns:xsi="http://www.w3.org/2001/XMLSchema-instance" xsi:noNamespaceSchemaLocation="http://sumo.dlr.de/xsd/meandata_file.xsd">
</meandata>
