<?xml version="1.0" encoding="UTF-8"?>

<!-- generated on 2025-09-29 15:44:45 by Eclipse SUMO netedit Version 1.24.0
-->

<routes xmlns:xsi="http://www.w3.org/2001/XMLSchema-instance" xsi:noNamespaceSchemaLocation="http://sumo.dlr.de/xsd/routes_file.xsd">
    <!-- VTypes -->
    <vType id="bus_bus" vClass="bus"/>
    <!-- Vehicles, persons and containers (sorted by depart) -->
    <trip id="bus0" type="bus_bus" depart="0.00" departLane="best" from="15113586#4" to="-1315771807#4"/>
    <trip id="bus1" type="bus_bus" depart="1.79" departLane="best" from="-15123693#0" to="-15121321#0"/>
    <trip id="bus2" type="bus_bus" depart="3.57" departLane="best" from="15121809#5" to="15116079#1"/>
    <trip id="bus3" type="bus_bus" depart="5.36" departLane="best" from="596216236#4" to="-15107829#1"/>
    <trip id="bus4" type="bus_bus" depart="7.15" departLane="best" from="-737405621#16" to="-1352927193#2"/>
    <trip id="bus5" type="bus_bus" depart="8.93" departLane="best" from="-15119306" to="145135694#0"/>
    <trip id="bus6" type="bus_bus" depart="10.72" departLane="best" from="-1315771807#2" to="-15118923"/>
    <trip id="bus7" type="bus_bus" depart="12.50" departLane="best" from="15114409#1" to="15105159#1"/>
    <trip id="bus8" type="bus_bus" depart="14.29" departLane="best" from="-15119338#5" to="15110621#3"/>
    <trip id="bus9" type="bus_bus" depart="16.08" departLane="best" from="335792152#16" to="-1079343041#0"/>
    <trip id="bus10" type="bus_bus" depart="17.86" departLane="best" from="-361653551#1" to="-15115011#12"/>
    <trip id="bus11" type="bus_bus" depart="19.65" departLane="best" from="761110430#4" to="-478967611#11"/>
    <trip id="bus12" type="bus_bus" depart="21.44" departLane="best" from="-15107230#1" to="-15110585#9"/>
    <trip id="bus13" type="bus_bus" depart="23.22" departLane="best" from="425114567#12" to="15111998#10"/>
    <trip id="bus14" type="bus_bus" depart="25.01" departLane="best" departSpeed="max" from="335792152#0" to="15121709#3"/>
    <trip id="bus15" type="bus_bus" depart="26.79" departLane="best" from="15103299#0" to="823248760"/>
    <trip id="bus16" type="bus_bus" depart="28.58" departLane="best" from="-596234942" to="15106024#0"/>
    <trip id="bus17" type="bus_bus" depart="30.37" departLane="best" from="364597669" to="15113026#19"/>
    <trip id="bus18" type="bus_bus" depart="32.15" departLane="best" departSpeed="max" from="478967807" to="15109010"/>
    <trip id="bus19" type="bus_bus" depart="33.94" departLane="best" from="15118923" to="-15103435#0"/>
    <trip id="bus20" type="bus_bus" depart="35.73" departLane="best" from="-15120076#6" to="-288917411#3"/>
    <trip id="bus21" type="bus_bus" depart="37.51" departLane="best" from="-15105832#1" to="-15121969#1"/>
    <trip id="bus22" type="bus_bus" depart="39.30" departLane="best" departSpeed="max" from="-15108322#2" to="-164254382#2"/>
    <trip id="bus23" type="bus_bus" depart="41.08" departLane="best" from="15113302#0" to="-62380383#1"/>
    <trip id="bus24" type="bus_bus" depart="42.87" departLane="best" from="-567933289#1" to="-15120076#6"/>
    <trip id="bus25" type="bus_bus" depart="44.66" departLane="best" from="-15123133#3" to="732856288"/>
    <trip id="bus26" type="bus_bus" depart="46.44" departLane="best" from="15114247#3" to="15112555#3"/>
    <trip id="bus27" type="bus_bus" depart="48.23" departLane="best" from="-15115014#6" to="15121709#0"/>
    <trip id="bus28" type="bus_bus" depart="50.02" departLane="best" from="-15114878#1" to="-63514838#0"/>
    <trip id="bus29" type="bus_bus" depart="51.80" departLane="best" from="888173950#0" to="15114453#1"/>
    <trip id="bus30" type="bus_bus" depart="53.59" departLane="best" from="15105058#3" to="15117576#1"/>
    <trip id="bus31" type="bus_bus" depart="55.37" departLane="best" from="425105845#2" to="15124380"/>
    <trip id="bus32" type="bus_bus" depart="57.16" departLane="best" from="-15120141#2" to="-1428508043#2"/>
    <trip id="bus33" type="bus_bus" depart="58.95" departLane="best" from="-288917407#1" to="-15124443#0"/>
    <trip id="bus34" type="bus_bus" depart="60.73" departLane="best" from="-15118230#7" to="737747964#1"/>
    <trip id="bus35" type="bus_bus" depart="62.52" departLane="best" from="488991285" to="-365986968#9"/>
    <trip id="bus36" type="bus_bus" depart="64.31" departLane="best" from="15114881#2" to="-724754674#1"/>
    <trip id="bus37" type="bus_bus" depart="66.09" departLane="best" departSpeed="max" from="62874858#0" to="1079343039#4"/>
    <trip id="bus38" type="bus_bus" depart="67.88" departLane="best" from="-15122981#2" to="-15123281#3"/>
    <trip id="bus39" type="bus_bus" depart="69.66" departLane="best" from="15105159#1" to="-15124143#2"/>
    <trip id="bus40" type="bus_bus" depart="71.45" departLane="best" from="15108003#5" to="62381707#2"/>
    <trip id="bus41" type="bus_bus" depart="73.24" departLane="best" from="-716657425#0" to="-15120774#4"/>
    <trip id="bus42" type="bus_bus" depart="75.02" departLane="best" from="889111257" to="15097018#1"/>
    <trip id="bus43" type="bus_bus" depart="76.81" departLane="best" from="-15110621#3" to="15113583#1"/>
    <trip id="bus44" type="bus_bus" depart="78.60" departLane="best" departSpeed="max" from="176875288#0" to="-823248753#0"/>
    <trip id="bus45" type="bus_bus" depart="80.38" departLane="best" departSpeed="max" from="-15104731" to="-642998074#2"/>
    <trip id="bus46" type="bus_bus" depart="82.17" departLane="best" from="888173957#0" to="15104441"/>
    <trip id="bus47" type="bus_bus" depart="83.95" departLane="best" departSpeed="max" from="823249081#0" to="478967611#10"/>
    <trip id="bus48" type="bus_bus" depart="85.74" departLane="best" from="-1158488310#14" to="15120774#2"/>
    <trip id="bus49" type="bus_bus" depart="87.53" departLane="best" departSpeed="max" from="15116017" to="15104913#5"/>
    <trip id="bus50" type="bus_bus" depart="89.31" departLane="best" from="-15110666#3" to="-888173930#5"/>
    <trip id="bus51" type="bus_bus" depart="91.10" departLane="best" departSpeed="max" from="-823249081#1" to="76331542"/>
    <trip id="bus52" type="bus_bus" depart="92.89" departLane="best" from="488991283#7" to="-15124303#1"/>
    <trip id="bus53" type="bus_bus" depart="94.67" departLane="best" from="122998840" to="-15116024#1"/>
    <trip id="bus54" type="bus_bus" depart="96.46" departLane="best" departSpeed="max" from="62874845" to="488963683"/>
    <trip id="bus55" type="bus_bus" depart="98.24" departLane="best" from="15111019#0" to="-15114882#0"/>
    <trip id="bus56" type="bus_bus" depart="100.03" departLane="best" from="15123749#0" to="15105058#2"/>
    <trip id="bus57" type="bus_bus" depart="101.82" departLane="best" from="15124567#0" to="15104598#1"/>
    <trip id="bus58" type="bus_bus" depart="103.60" departLane="best" from="-1024165020#2" to="-425105848#1"/>
    <trip id="bus59" type="bus_bus" depart="105.39" departLane="best" departSpeed="max" from="-1212388186" to="724754676"/>
    <trip id="bus60" type="bus_bus" depart="107.18" departLane="best" from="489013111#1" to="359639244#0"/>
    <trip id="bus61" type="bus_bus" depart="108.96" departLane="best" from="-164254382#3" to="-15104873#0"/>
    <trip id="bus62" type="bus_bus" depart="110.75" departLane="best" from="-15106129#2" to="1307690293#0"/>
    <trip id="bus63" type="bus_bus" depart="112.53" departLane="best" from="-15104913#24" to="15123736#9"/>
    <trip id="bus64" type="bus_bus" depart="114.32" departLane="best" from="15123783#5" to="-15113026#22"/>
    <trip id="bus65" type="bus_bus" depart="116.11" departLane="best" from="-951341915#0" to="15105848#2"/>
    <trip id="bus66" type="bus_bus" depart="117.89" departLane="best" from="-15122981#3" to="488991272"/>
    <trip id="bus67" type="bus_bus" depart="119.68" departLane="best" from="-737405621#22" to="-15120141#4"/>
    <trip id="bus68" type="bus_bus" depart="121.47" departLane="best" from="15103522#1" to="15121709#4"/>
    <trip id="bus69" type="bus_bus" depart="123.25" departLane="best" departSpeed="max" from="-15116677" to="-364597669"/>
    <trip id="bus70" type="bus_bus" depart="125.04" departLane="best" departSpeed="max" from="888173955" to="15115014#4"/>
    <trip id="bus71" type="bus_bus" depart="126.82" departLane="best" departSpeed="max" from="-779837498" to="15103458#1"/>
    <trip id="bus72" type="bus_bus" depart="128.61" departLane="best" from="-15111803#1" to="-15121530"/>
    <trip id="bus73" type="bus_bus" depart="130.40" departLane="best" departSpeed="max" from="-359590086#1" to="15110605#0"/>
    <trip id="bus74" type="bus_bus" depart="132.18" departLane="best" from="-15120154#0" to="-15120774#8"/>
    <trip id="bus75" type="bus_bus" depart="133.97" departLane="best" from="-15105056#2" to="15114044#1"/>
    <trip id="bus76" type="bus_bus" depart="135.76" departLane="best" from="-15120141#2" to="63300016"/>
    <trip id="bus77" type="bus_bus" depart="137.54" departLane="best" departSpeed="max" from="478967612" to="-15105395#2"/>
    <trip id="bus78" type="bus_bus" depart="139.33" departLane="best" from="-15120578#4" to="15115875#2"/>
    <trip id="bus79" type="bus_bus" depart="141.11" departLane="best" from="724657100#0" to="15108003#4"/>
    <trip id="bus80" type="bus_bus" depart="142.90" departLane="best" from="-888173953#2" to="15124567#8"/>
    <trip id="bus81" type="bus_bus" depart="144.69" departLane="best" departSpeed="max" from="335792152#0" to="-15118037#2"/>
    <trip id="bus82" type="bus_bus" depart="146.47" departLane="best" from="-15107357#2" to="-867674765"/>
    <trip id="bus83" type="bus_bus" depart="148.26" departLane="best" from="-737405621#4" to="1158488310#12"/>
    <trip id="bus84" type="bus_bus" depart="150.05" departLane="best" from="15121200#6" to="15116019#2"/>
    <trip id="bus85" type="bus_bus" depart="151.83" departLane="best" from="888173937" to="-15110664#1"/>
    <trip id="bus86" type="bus_bus" depart="153.62" departLane="best" departSpeed="max" from="-716657431" to="-478967612"/>
    <trip id="bus87" type="bus_bus" depart="155.40" departLane="best" departSpeed="max" from="478967807" to="-15123370#1"/>
    <trip id="bus88" type="bus_bus" depart="157.19" departLane="best" from="-15115975#0" to="-888173955"/>
    <trip id="bus89" type="bus_bus" depart="158.98" departLane="best" from="-737405621#16" to="-173877480#1"/>
    <trip id="bus90" type="bus_bus" depart="160.76" departLane="best" from="-15121809#2" to="724657000#2"/>
    <trip id="bus91" type="bus_bus" depart="162.55" departLane="best" departSpeed="max" from="15104873#0" to="-15103522#3"/>
    <trip id="bus92" type="bus_bus" depart="164.34" departLane="best" from="951341915#1" to="364596843#0"/>
    <trip id="bus93" type="bus_bus" depart="166.12" departLane="best" from="823248757#0" to="724657100#1"/>
    <trip id="bus94" type="bus_bus" depart="167.91" departLane="best" from="425114567#4" to="-15115257#0"/>
    <trip id="bus95" type="bus_bus" depart="169.69" departLane="best" departSpeed="max" from="1079343042#0" to="-15120263#2"/>
    <trip id="bus96" type="bus_bus" depart="171.48" departLane="best" departSpeed="max" from="-716657428" to="-15104873#0"/>
    <trip id="bus97" type="bus_bus" depart="173.27" departLane="best" from="-608506493#1" to="888173938#0"/>
    <trip id="bus98" type="bus_bus" depart="175.05" departLane="best" from="-15122981#3" to="15124567#5"/>
    <trip id="bus99" type="bus_bus" depart="176.84" departLane="best" from="-849728020" to="-823248754#2"/>
    <trip id="bus100" type="bus_bus" depart="178.63" departLane="best" from="761110430#4" to="888173956#1"/>
    <trip id="bus101" type="bus_bus" depart="180.41" departLane="best" from="-15114109#4" to="-352308244#1"/>
    <trip id="bus102" type="bus_bus" depart="182.20" departLane="best" from="823248756#1" to="15109157#12"/>
    <trip id="bus103" type="bus_bus" depart="183.98" departLane="best" from="15103522#6" to="15123133#0"/>
    <trip id="bus104" type="bus_bus" depart="185.77" departLane="best" from="-15103686#1" to="15110151#1"/>
    <trip id="bus105" type="bus_bus" depart="187.56" departLane="best" from="123011261#0" to="425114565#0"/>
    <trip id="bus106" type="bus_bus" depart="189.34" departLane="best" from="-15114247#1" to="802372534#10"/>
    <trip id="bus107" type="bus_bus" depart="191.13" departLane="best" from="-15105832#2" to="-15117348#0"/>
    <trip id="bus108" type="bus_bus" depart="192.92" departLane="best" from="15110018#1" to="15116029#2"/>
    <trip id="bus109" type="bus_bus" depart="194.70" departLane="best" from="-15120344" to="-15112706#1"/>
    <trip id="bus110" type="bus_bus" depart="196.49" departLane="best" from="596216236#12" to="-15123281#1"/>
    <trip id="bus111" type="bus_bus" depart="198.27" departLane="best" from="15109820" to="15113026#23"/>
    <trip id="bus112" type="bus_bus" depart="200.06" departLane="best" departSpeed="max" from="-732856289" to="15110018#1"/>
    <trip id="bus113" type="bus_bus" depart="201.85" departLane="best" from="144424831#2" to="724754682#8"/>
    <trip id="bus114" type="bus_bus" depart="203.63" departLane="best" from="-15117576#3" to="15120521#0"/>
    <trip id="bus115" type="bus_bus" depart="205.42" departLane="best" from="15115314#0" to="-352669796"/>
    <trip id="bus116" type="bus_bus" depart="207.21" departLane="best" from="-288917409#0" to="15123291#1"/>
    <trip id="bus117" type="bus_bus" depart="208.99" departLane="best" departSpeed="max" from="-15105058#4" to="1079343039#4"/>
    <trip id="bus118" type="bus_bus" depart="210.78" departLane="best" departSpeed="max" from="-15105058#4" to="-15120254#0"/>
    <trip id="bus119" type="bus_bus" depart="212.56" departLane="best" departSpeed="max" from="489013120" to="489013112#2"/>
    <trip id="bus120" type="bus_bus" depart="214.35" departLane="best" from="-561138825#1" to="-15115014#3"/>
    <trip id="bus121" type="bus_bus" depart="216.14" departLane="best" departSpeed="max" from="425103132#0" to="15119628#7"/>
    <trip id="bus122" type="bus_bus" depart="217.92" departLane="best" from="15114827#0" to="-1079343042#0"/>
    <trip id="bus123" type="bus_bus" depart="219.71" departLane="best" departSpeed="max" from="15115167" to="737405621#12"/>
    <trip id="bus124" type="bus_bus" depart="221.50" departLane="best" from="-15112797#2" to="-15112444#2"/>
    <trip id="bus125" type="bus_bus" depart="223.28" departLane="best" from="-15110479#1" to="15106127#3"/>
    <trip id="bus126" type="bus_bus" depart="225.07" departLane="best" departSpeed="max" from="-15123489" to="15111998#8"/>
    <trip id="bus127" type="bus_bus" depart="226.85" departLane="best" from="15120141#4" to="-15119484#2"/>
    <trip id="bus128" type="bus_bus" depart="228.64" departLane="best" from="15113111#0" to="-15124303#4"/>
    <trip id="bus129" type="bus_bus" depart="230.43" departLane="best" from="1113556862#2" to="63300016"/>
    <trip id="bus130" type="bus_bus" depart="232.21" departLane="best" from="425114565#0" to="-15110151#2"/>
    <trip id="bus131" type="bus_bus" depart="234.00" departLane="best" from="-737405621#4" to="-15124703#1"/>
    <trip id="bus132" type="bus_bus" depart="235.79" departLane="best" from="-1079341893#3" to="15124304#11"/>
    <trip id="bus133" type="bus_bus" depart="237.57" departLane="best" from="15113339#1" to="-15124079#0"/>
    <trip id="bus134" type="bus_bus" depart="239.36" departLane="best" from="15122162#0" to="15105937#1"/>
    <trip id="bus135" type="bus_bus" depart="241.14" departLane="best" departSpeed="max" from="-15105126#2" to="561138826"/>
    <trip id="bus136" type="bus_bus" depart="242.93" departLane="best" from="62380334#9" to="15105395#0"/>
    <trip id="bus137" type="bus_bus" depart="244.72" departLane="best" from="425103132#2" to="15109503"/>
    <trip id="bus138" type="bus_bus" depart="246.50" departLane="best" departSpeed="max" from="-15113583#1" to="-15113026#18"/>
    <trip id="bus139" type="bus_bus" depart="248.29" departLane="best" from="-176875288#10" to="62874839#4"/>
    <trip id="bus140" type="bus_bus" depart="250.08" departLane="best" from="220045152#3" to="478967611#10"/>
    <trip id="bus141" type="bus_bus" depart="251.86" departLane="best" departSpeed="max" from="62184393" to="-15120076#9"/>
    <trip id="bus142" type="bus_bus" depart="253.65" departLane="best" from="-15121709#8" to="-15111006#0"/>
    <trip id="bus143" type="bus_bus" depart="255.44" departLane="best" from="15124567#7" to="567933289#4"/>
    <trip id="bus144" type="bus_bus" depart="257.22" departLane="best" from="-724657001" to="15113026#8"/>
    <trip id="bus145" type="bus_bus" depart="259.01" departLane="best" from="-15114109#3" to="724754679#1"/>
    <trip id="bus146" type="bus_bus" depart="260.79" departLane="best" from="488952826#1" to="849728019#0"/>
    <trip id="bus147" type="bus_bus" depart="262.58" departLane="best" from="335792152#7" to="545687265#0"/>
    <trip id="bus148" type="bus_bus" depart="264.37" departLane="best" from="-1307690293#0" to="15122048#2"/>
    <trip id="bus149" type="bus_bus" depart="266.15" departLane="best" from="-353288054" to="724754681#10"/>
    <trip id="bus150" type="bus_bus" depart="267.94" departLane="best" from="288917409#2" to="488952826#0"/>
    <trip id="bus151" type="bus_bus" depart="269.73" departLane="best" from="335792152#7" to="-15124384#0"/>
    <trip id="bus152" type="bus_bus" depart="271.51" departLane="best" from="173877361#3" to="-15111710#1"/>
    <trip id="bus153" type="bus_bus" depart="273.30" departLane="best" from="488963863#0" to="443048895#0"/>
    <trip id="bus154" type="bus_bus" depart="275.08" departLane="best" from="-15119628#3" to="335792152#9"/>
 </routes>
