<?xml version="1.0" encoding="UTF-8"?>

<!-- generated on 2025-10-01 15:48:15 by Eclipse SUMO GUI Version 1.24.0
<sumoConfiguration xmlns:xsi="http://www.w3.org/2001/XMLSchema-instance" xsi:noNamespaceSchemaLocation="http://sumo.dlr.de/xsd/sumoConfiguration.xsd">

    <input>
        <net-file value="/home/jesse-mccaslin/Downloads/Sumo/SUMO_SIM/../../2025-09-22-15-39-59/osm.net.xml.gz"/>
        <route-files value="/home/jesse-mccaslin/Downloads/Sumo/SUMO_SIM/../../2025-09-22-15-39-59/osm.bus.trips.xml,/home/jesse-mccaslin/Downloads/Sumo/SUMO_SIM/../../2025-09-22-15-39-59/osm.motorcycle.trips.xml,/home/jesse-mccaslin/Downloads/Sumo/SUMO_SIM/../../2025-09-22-15-39-59/osm.passenger.trips.xml,/home/jesse-mccaslin/Downloads/Sumo/SUMO_SIM/../../2025-09-22-15-39-59/osm.truck.trips.xml"/>
        <additional-files value="/home/jesse-mccaslin/Downloads/Sumo/SUMO_SIM/../../2025-09-22-15-39-59/osm.poly.xml.gz,/home/jesse-mccaslin/Downloads/Sumo/SUMO_SIM/../../2025-09-22-15-39-59/output.add.xml"/>
    </input>

    <output>
        <tripinfo-output value="/home/jesse-mccaslin/Downloads/Sumo/SUMO_SIM/../../2025-09-22-15-39-59/tripinfos.xml"/>
        <statistic-output value="/home/jesse-mccaslin/Downloads/Sumo/SUMO_SIM/../../2025-09-22-15-39-59/stats.xml"/>
    </output>

    <processing>
        <ignore-route-errors value="true"/>
        <tls.actuated.jam-threshold value="30"/>
    </processing>

    <routing>
        <device.rerouting.adaptation-steps value="18"/>
        <device.rerouting.adaptation-interval value="10"/>
    </routing>

    <report>
        <verbose value="true"/>
        <duration-log.statistics value="true"/>
        <no-step-log value="true"/>
    </report>

    <gui_only>
        <gui-settings-file value="/home/jesse-mccaslin/Downloads/Sumo/SUMO_SIM/../../2025-09-22-15-39-59/osm.view.xml"/>
    </gui_only>

</sumoConfiguration>
-->

<statistics xmlns:xsi="http://www.w3.org/2001/XMLSchema-instance" xsi:noNamespaceSchemaLocation="http://sumo.dlr.de/xsd/statistic_file.xsd">
    <performance clockBegin="1759351696.14" clockEnd="1759352581.42" clockDuration="885.28" traciDuration="2.88" realTimeFactor="5.69" vehicleUpdatesPerSecond="6665.18" personUpdatesPerSecond="0.00" begin="0.00" end="5036.00" duration="5036.00"/>
    <vehicles loaded="12254" inserted="12254" running="0" waiting="0"/>
    <teleports total="85" jam="39" yield="44" wrongLane="2"/>
    <safety collisions="0" emergencyStops="0" emergencyBraking="1"/>
    <persons loaded="0" running="0" jammed="0"/>
    <personTeleports total="0" abortWait="0" wrongDest="0"/>
    <vehicleTripStatistics count="12254" routeLength="4023.50" speed="9.41" duration="481.52" waitingTime="140.97" timeLoss="236.09" departDelay="2.30" departDelayWaiting="-1.00" totalTravelTime="5900571.00" totalDepartDelay="28163.70"/>
    <pedestrianStatistics number="0" routeLength="0.00" duration="0.00" timeLoss="0.00"/>
    <rideStatistics number="0"/>
    <transportStatistics number="0"/>
</statistics>
