<?xml version="1.0" encoding="UTF-8"?>

<!-- generated on 2025-10-13 15:23:43 by Eclipse SUMO GUI Version 1.24.0
<sumoConfiguration xmlns:xsi="http://www.w3.org/2001/XMLSchema-instance" xsi:noNamespaceSchemaLocation="http://sumo.dlr.de/xsd/sumoConfiguration.xsd">

    <input>
        <net-file value="/home/jesse-mccaslin/Downloads/Sumo/SUMO_SIM/../../2025-09-22-15-39-59/osm.net.xml.gz"/>
        <route-files value="/home/jesse-mccaslin/Downloads/Sumo/SUMO_SIM/../../2025-09-22-15-39-59/osm.bus.trips.xml,/home/jesse-mccaslin/Downloads/Sumo/SUMO_SIM/../../2025-09-22-15-39-59/osm.motorcycle.trips.xml,/home/jesse-mccaslin/Downloads/Sumo/SUMO_SIM/../../2025-09-22-15-39-59/osm.passenger.trips.xml,/home/jesse-mccaslin/Downloads/Sumo/SUMO_SIM/../../2025-09-22-15-39-59/osm.truck.trips.xml"/>
        <additional-files value="/home/jesse-mccaslin/Downloads/Sumo/SUMO_SIM/../../2025-09-22-15-39-59/osm.poly.xml.gz,/home/jesse-mccaslin/Downloads/Sumo/SUMO_SIM/../../2025-09-22-15-39-59/output.add.xml"/>
    </input>

    <output>
        <tripinfo-output value="/home/jesse-mccaslin/Downloads/Sumo/SUMO_SIM/../../2025-09-22-15-39-59/tripinfos.xml"/>
        <statistic-output value="/home/jesse-mccaslin/Downloads/Sumo/SUMO_SIM/../../2025-09-22-15-39-59/stats.xml"/>
    </output>

    <processing>
        <ignore-route-errors value="true"/>
        <tls.actuated.jam-threshold value="30"/>
    </processing>

    <routing>
        <device.rerouting.adaptation-steps value="18"/>
        <device.rerouting.adaptation-interval value="10"/>
    </routing>

    <report>
        <verbose value="true"/>
        <duration-log.statistics value="true"/>
        <no-step-log value="true"/>
    </report>

    <gui_only>
        <gui-settings-file value="/home/jesse-mccaslin/Downloads/Sumo/SUMO_SIM/../../2025-09-22-15-39-59/osm.view.xml"/>
    </gui_only>

</sumoConfiguration>
-->

<statistics xmlns:xsi="http://www.w3.org/2001/XMLSchema-instance" xsi:noNamespaceSchemaLocation="http://sumo.dlr.de/xsd/statistic_file.xsd">
    <performance clockBegin="1760387023.88" clockEnd="1760387470.97" clockDuration="447.09" traciDuration="47.83" realTimeFactor="11.85" vehicleUpdatesPerSecond="15511.68" personUpdatesPerSecond="0.00" begin="0.00" end="5297.00" duration="5297.00"/>
    <vehicles loaded="12233" inserted="12233" running="3" waiting="0"/>
    <teleports total="67" jam="18" yield="49" wrongLane="0"/>
    <safety collisions="0" emergencyStops="0" emergencyBraking="2"/>
    <persons loaded="0" running="0" jammed="0"/>
    <personTeleports total="0" abortWait="0" wrongDest="0"/>
    <vehicleTripStatistics count="12230" routeLength="4017.62" speed="8.43" duration="566.59" waitingTime="203.28" timeLoss="321.05" departDelay="2.76" departDelayWaiting="-1.00" totalTravelTime="6929371.00" totalDepartDelay="33760.46"/>
    <pedestrianStatistics number="0" routeLength="0.00" duration="0.00" timeLoss="0.00"/>
    <rideStatistics number="0"/>
    <transportStatistics number="0"/>
</statistics>
