<?xml version="1.0" encoding="UTF-8"?>

<!-- generated on 2025-10-18 16:24:33 by Eclipse SUMO GUI Version 1.24.0
<sumoConfiguration xmlns:xsi="http://www.w3.org/2001/XMLSchema-instance" xsi:noNamespaceSchemaLocation="http://sumo.dlr.de/xsd/sumoConfiguration.xsd">

    <input>
        <net-file value="/home/josh/Downloads/Sumo/SUMO_SIM/../../2025-09-22-15-39-59/osm.net.xml.gz"/>
        <route-files value="/home/josh/Downloads/Sumo/SUMO_SIM/../../2025-09-22-15-39-59/osm.bus.trips.xml,/home/josh/Downloads/Sumo/SUMO_SIM/../../2025-09-22-15-39-59/osm.motorcycle.trips.xml,/home/josh/Downloads/Sumo/SUMO_SIM/../../2025-09-22-15-39-59/osm.passenger.trips.xml,/home/josh/Downloads/Sumo/SUMO_SIM/../../2025-09-22-15-39-59/osm.truck.trips.xml"/>
        <additional-files value="/home/josh/Downloads/Sumo/SUMO_SIM/../../2025-09-22-15-39-59/osm.poly.xml.gz,/home/josh/Downloads/Sumo/SUMO_SIM/../../2025-09-22-15-39-59/output.add.xml,/home/josh/Downloads/Sumo/SUMO_SIM/../../2025-09-22-15-39-59/detectors.add.xml"/>
    </input>

    <output>
        <tripinfo-output value="/home/josh/Downloads/Sumo/SUMO_SIM/../../2025-09-22-15-39-59/tripinfos.xml"/>
        <statistic-output value="/home/josh/Downloads/Sumo/SUMO_SIM/../../2025-09-22-15-39-59/stats.xml"/>
    </output>

    <time>
        <step-length value="1"/>
    </time>

    <processing>
        <ignore-route-errors value="true"/>
        <tls.actuated.jam-threshold value="30"/>
    </processing>

    <routing>
        <device.rerouting.adaptation-steps value="18"/>
        <device.rerouting.adaptation-interval value="10"/>
    </routing>

    <report>
        <verbose value="true"/>
        <duration-log.statistics value="true"/>
        <no-step-log value="true"/>
    </report>

    <gui_only>
        <gui-settings-file value="/home/josh/Downloads/Sumo/SUMO_SIM/../../2025-09-22-15-39-59/osm.view.xml"/>
    </gui_only>

</sumoConfiguration>
-->

<statistics xmlns:xsi="http://www.w3.org/2001/XMLSchema-instance" xsi:noNamespaceSchemaLocation="http://sumo.dlr.de/xsd/statistic_file.xsd">
    <performance clockBegin="1760822673.69" clockEnd="1760822681.92" clockDuration="8.22" traciDuration="0.00" realTimeFactor="14.96" vehicleUpdatesPerSecond="3091.56" personUpdatesPerSecond="0.00" begin="0.00" end="123.00" duration="123.00"/>
    <vehicles loaded="682" inserted="415" running="402" waiting="0"/>
    <teleports total="0" jam="0" yield="0" wrongLane="0"/>
    <safety collisions="0" emergencyStops="0" emergencyBraking="1"/>
    <persons loaded="0" running="0" jammed="0"/>
    <personTeleports total="0" abortWait="0" wrongDest="0"/>
    <vehicleTripStatistics count="13" routeLength="809.55" speed="10.22" duration="79.77" waitingTime="4.15" timeLoss="23.07" departDelay="0.51" departDelayWaiting="-1.00" totalTravelTime="1037.00" totalDepartDelay="6.64"/>
    <pedestrianStatistics number="0" routeLength="0.00" duration="0.00" timeLoss="0.00"/>
    <rideStatistics number="0"/>
    <transportStatistics number="0"/>
</statistics>
