<?xml version="1.0" encoding="UTF-8"?>

<!-- generated on 2025-09-30 11:22:04 by Eclipse SUMO GUI Version 1.24.0
<sumoConfiguration xmlns:xsi="http://www.w3.org/2001/XMLSchema-instance" xsi:noNamespaceSchemaLocation="http://sumo.dlr.de/xsd/sumoConfiguration.xsd">

    <input>
        <net-file value="/home/jesse-mccaslin/Sumo_Sim/Sumo/../../2025-09-22-15-39-59/osm.net.xml.gz"/>
        <route-files value="/home/jesse-mccaslin/Sumo_Sim/Sumo/../../2025-09-22-15-39-59/osm.bus.trips.xml,/home/jesse-mccaslin/Sumo_Sim/Sumo/../../2025-09-22-15-39-59/osm.motorcycle.trips.xml,/home/jesse-mccaslin/Sumo_Sim/Sumo/../../2025-09-22-15-39-59/osm.passenger.trips.xml,/home/jesse-mccaslin/Sumo_Sim/Sumo/../../2025-09-22-15-39-59/osm.truck.trips.xml"/>
        <additional-files value="/home/jesse-mccaslin/Sumo_Sim/Sumo/../../2025-09-22-15-39-59/osm.poly.xml.gz,/home/jesse-mccaslin/Sumo_Sim/Sumo/../../2025-09-22-15-39-59/output.add.xml"/>
    </input>

    <output>
        <tripinfo-output value="/home/jesse-mccaslin/Sumo_Sim/Sumo/../../2025-09-22-15-39-59/tripinfos.xml"/>
        <statistic-output value="/home/jesse-mccaslin/Sumo_Sim/Sumo/../../2025-09-22-15-39-59/stats.xml"/>
    </output>

    <processing>
        <ignore-route-errors value="true"/>
        <tls.actuated.jam-threshold value="30"/>
    </processing>

    <routing>
        <device.rerouting.adaptation-steps value="18"/>
        <device.rerouting.adaptation-interval value="10"/>
    </routing>

    <report>
        <verbose value="true"/>
        <duration-log.statistics value="true"/>
        <no-step-log value="true"/>
    </report>

    <gui_only>
        <gui-settings-file value="/home/jesse-mccaslin/Sumo_Sim/Sumo/../../2025-09-22-15-39-59/osm.view.xml"/>
    </gui_only>

</sumoConfiguration>
-->

<tripinfos xmlns:xsi="http://www.w3.org/2001/XMLSchema-instance" xsi:noNamespaceSchemaLocation="http://sumo.dlr.de/xsd/tripinfo_file.xsd">
    <tripinfo id="motorcycle25" depart="45.00" departLane="15118270#3_0" departPos="2.30" departSpeed="0.00" departDelay="0.46" arrival="75.00" arrivalLane="-15113302#0_0" arrivalPos="65.60" arrivalSpeed="11.73" duration="30.00" routeLength="298.13" waitingTime="0.00" waitingCount="0" stopTime="0.00" timeLoss="4.95" rerouteNo="1" devices="tripinfo_motorcycle25 routing_motorcycle25" vType="motorcycle_motorcycle" speedFactor="0.93" vaporized=""/>
    <tripinfo id="motorcycle14" depart="25.00" departLane="-15123370#0_0" departPos="2.30" departSpeed="0.00" departDelay="0.06" arrival="80.00" arrivalLane="-15113586#3_0" arrivalPos="77.32" arrivalSpeed="20.67" duration="55.00" routeLength="655.89" waitingTime="1.00" waitingCount="1" stopTime="0.00" timeLoss="13.27" rerouteNo="1" devices="tripinfo_motorcycle14 routing_motorcycle14" vType="motorcycle_motorcycle" speedFactor="0.94" vaporized=""/>
    <tripinfo id="motorcycle7" depart="13.00" departLane="-15115837#1_0" departPos="2.30" departSpeed="0.00" departDelay="0.53" arrival="83.00" arrivalLane="-15115784#3_0" arrivalPos="128.06" arrivalSpeed="13.02" duration="70.00" routeLength="753.09" waitingTime="0.00" waitingCount="0" stopTime="0.00" timeLoss="12.68" rerouteNo="1" devices="tripinfo_motorcycle7 routing_motorcycle7" vType="motorcycle_motorcycle" speedFactor="1.03" vaporized=""/>
</tripinfos>
