<?xml version="1.0" encoding="UTF-8"?>

<!-- generated on 2025-10-18 16:24:33 by Eclipse SUMO GUI Version 1.24.0
<sumoConfiguration xmlns:xsi="http://www.w3.org/2001/XMLSchema-instance" xsi:noNamespaceSchemaLocation="http://sumo.dlr.de/xsd/sumoConfiguration.xsd">

    <input>
        <net-file value="/home/josh/Downloads/Sumo/SUMO_SIM/../../2025-09-22-15-39-59/osm.net.xml.gz"/>
        <route-files value="/home/josh/Downloads/Sumo/SUMO_SIM/../../2025-09-22-15-39-59/osm.bus.trips.xml,/home/josh/Downloads/Sumo/SUMO_SIM/../../2025-09-22-15-39-59/osm.motorcycle.trips.xml,/home/josh/Downloads/Sumo/SUMO_SIM/../../2025-09-22-15-39-59/osm.passenger.trips.xml,/home/josh/Downloads/Sumo/SUMO_SIM/../../2025-09-22-15-39-59/osm.truck.trips.xml"/>
        <additional-files value="/home/josh/Downloads/Sumo/SUMO_SIM/../../2025-09-22-15-39-59/osm.poly.xml.gz,/home/josh/Downloads/Sumo/SUMO_SIM/../../2025-09-22-15-39-59/output.add.xml,/home/josh/Downloads/Sumo/SUMO_SIM/../../2025-09-22-15-39-59/detectors.add.xml"/>
    </input>

    <output>
        <tripinfo-output value="/home/josh/Downloads/Sumo/SUMO_SIM/../../2025-09-22-15-39-59/tripinfos.xml"/>
        <statistic-output value="/home/josh/Downloads/Sumo/SUMO_SIM/../../2025-09-22-15-39-59/stats.xml"/>
    </output>

    <time>
        <step-length value="1"/>
    </time>

    <processing>
        <ignore-route-errors value="true"/>
        <tls.actuated.jam-threshold value="30"/>
    </processing>

    <routing>
        <device.rerouting.adaptation-steps value="18"/>
        <device.rerouting.adaptation-interval value="10"/>
    </routing>

    <report>
        <verbose value="true"/>
        <duration-log.statistics value="true"/>
        <no-step-log value="true"/>
    </report>

    <gui_only>
        <gui-settings-file value="/home/josh/Downloads/Sumo/SUMO_SIM/../../2025-09-22-15-39-59/osm.view.xml"/>
    </gui_only>

</sumoConfiguration>
-->

<tripinfos xmlns:xsi="http://www.w3.org/2001/XMLSchema-instance" xsi:noNamespaceSchemaLocation="http://sumo.dlr.de/xsd/tripinfo_file.xsd">
    <tripinfo id="motorcycle25" depart="45.00" departLane="15118270#3_0" departPos="2.30" departSpeed="0.00" departDelay="0.46" arrival="77.00" arrivalLane="-15113302#0_0" arrivalPos="65.60" arrivalSpeed="11.78" duration="32.00" routeLength="298.13" waitingTime="0.00" waitingCount="0" stopTime="0.00" timeLoss="7.11" rerouteNo="1" devices="tripinfo_motorcycle25 routing_motorcycle25" vType="motorcycle_motorcycle" speedFactor="0.93" vaporized=""/>
    <tripinfo id="motorcycle16" depart="29.00" departLane="-15118078#1_0" departPos="2.30" departSpeed="0.00" departDelay="0.50" arrival="87.00" arrivalLane="15118816_0" arrivalPos="122.48" arrivalSpeed="13.16" duration="58.00" routeLength="852.02" waitingTime="0.00" waitingCount="0" stopTime="0.00" timeLoss="15.59" rerouteNo="1" devices="tripinfo_motorcycle16 routing_motorcycle16" vType="motorcycle_motorcycle" speedFactor="1.02" vaporized=""/>
    <tripinfo id="motorcycle14" depart="25.00" departLane="-15123370#0_0" departPos="2.30" departSpeed="0.00" departDelay="0.06" arrival="88.00" arrivalLane="-15113586#3_0" arrivalPos="77.32" arrivalSpeed="18.05" duration="63.00" routeLength="629.46" waitingTime="3.00" waitingCount="2" stopTime="0.00" timeLoss="19.09" rerouteNo="1" devices="tripinfo_motorcycle14 routing_motorcycle14" vType="motorcycle_motorcycle" speedFactor="0.94" vaporized=""/>
    <tripinfo id="motorcycle7" depart="13.00" departLane="-15115837#1_0" departPos="2.30" departSpeed="0.00" departDelay="0.53" arrival="89.00" arrivalLane="-15115784#3_0" arrivalPos="128.06" arrivalSpeed="13.00" duration="76.00" routeLength="753.09" waitingTime="2.00" waitingCount="2" stopTime="0.00" timeLoss="18.06" rerouteNo="1" devices="tripinfo_motorcycle7 routing_motorcycle7" vType="motorcycle_motorcycle" speedFactor="1.03" vaporized=""/>
    <tripinfo id="motorcycle23" depart="41.00" departLane="361653561#0_0" departPos="2.30" departSpeed="0.00" departDelay="0.03" arrival="98.00" arrivalLane="176875123#2_0" arrivalPos="371.92" arrivalSpeed="11.54" duration="57.00" routeLength="560.38" waitingTime="2.00" waitingCount="1" stopTime="0.00" timeLoss="11.35" rerouteNo="1" devices="tripinfo_motorcycle23 routing_motorcycle23" vType="motorcycle_motorcycle" speedFactor="0.95" vaporized=""/>
    <tripinfo id="motorcycle13" depart="24.00" departLane="-888173951#7_0" departPos="2.30" departSpeed="0.00" departDelay="0.84" arrival="112.00" arrivalLane="-288917408_0" arrivalPos="116.13" arrivalSpeed="11.25" duration="88.00" routeLength="842.15" waitingTime="2.00" waitingCount="2" stopTime="0.00" timeLoss="22.88" rerouteNo="1" devices="tripinfo_motorcycle13 routing_motorcycle13" vType="motorcycle_motorcycle" speedFactor="0.94" vaporized=""/>
    <tripinfo id="veh2" depart="2.00" departLane="-15120263#4_0" departPos="5.10" departSpeed="0.00" departDelay="0.81" arrival="115.00" arrivalLane="-1428235009#0_0" arrivalPos="51.27" arrivalSpeed="15.19" duration="113.00" routeLength="1089.43" waitingTime="1.00" waitingCount="1" stopTime="0.00" timeLoss="20.73" rerouteNo="1" devices="tripinfo_veh2 routing_veh2" vType="veh_passenger" speedFactor="0.99" vaporized=""/>
    <tripinfo id="veh21" depart="13.00" departLane="15110151#0_0" departPos="5.10" departSpeed="0.00" departDelay="0.50" arrival="115.00" arrivalLane="15105848#2_0" arrivalPos="53.86" arrivalSpeed="13.17" duration="102.00" routeLength="1050.28" waitingTime="0.00" waitingCount="0" stopTime="0.00" timeLoss="22.81" rerouteNo="1" devices="tripinfo_veh21 routing_veh21" vType="veh_passenger" speedFactor="1.02" vaporized=""/>
    <tripinfo id="veh30" depart="18.00" departLane="-15117668_0" departPos="5.10" departSpeed="12.32" departDelay="0.14" arrival="115.00" arrivalLane="-15111998#2_0" arrivalPos="13.55" arrivalSpeed="10.83" duration="97.00" routeLength="739.53" waitingTime="4.00" waitingCount="3" stopTime="0.00" timeLoss="26.99" rerouteNo="1" devices="tripinfo_veh30 routing_veh30" vType="veh_passenger" speedFactor="0.89" vaporized=""/>
    <tripinfo id="veh27" depart="17.00" departLane="-1196194150#0_0" departPos="5.10" departSpeed="0.00" departDelay="0.92" arrival="116.00" arrivalLane="15124304#6_0" arrivalPos="43.93" arrivalSpeed="14.76" duration="99.00" routeLength="988.09" waitingTime="3.00" waitingCount="3" stopTime="0.00" timeLoss="31.66" rerouteNo="1" devices="tripinfo_veh27 routing_veh27" vType="veh_passenger" speedFactor="1.13" vaporized=""/>
    <tripinfo id="motorcycle27" depart="49.00" departLane="596216238#3_0" departPos="0.20" departSpeed="0.00" departDelay="0.90" arrival="119.00" arrivalLane="596216238#2_0" arrivalPos="14.87" arrivalSpeed="25.31" duration="70.00" routeLength="348.46" waitingTime="29.00" waitingCount="4" stopTime="0.00" timeLoss="52.89" rerouteNo="1" devices="tripinfo_motorcycle27 routing_motorcycle27" vType="motorcycle_motorcycle" speedFactor="1.15" vaporized=""/>
    <tripinfo id="motorcycle24" depart="43.00" departLane="-62874870#2_0" departPos="2.30" departSpeed="0.00" departDelay="0.24" arrival="120.00" arrivalLane="15105156#1_1" arrivalPos="156.24" arrivalSpeed="17.63" duration="77.00" routeLength="1274.43" waitingTime="1.00" waitingCount="1" stopTime="0.00" timeLoss="11.24" rerouteNo="1" devices="tripinfo_motorcycle24 routing_motorcycle24" vType="motorcycle_motorcycle" speedFactor="1.13" vaporized=""/>
    <tripinfo id="truck16" depart="15.00" departLane="488952830#5_1" departPos="7.20" departSpeed="0.00" departDelay="0.71" arrival="120.00" arrivalLane="15121817#1_0" arrivalPos="41.76" arrivalSpeed="9.41" duration="105.00" routeLength="1098.65" waitingTime="7.00" waitingCount="1" stopTime="0.00" timeLoss="39.59" rerouteNo="1" devices="tripinfo_truck16 routing_truck16" vType="truck_truck" speedFactor="1.03" vaporized=""/>
</tripinfos>
