<?xml version="1.0" encoding="UTF-8"?>

<!-- generated on 2025-09-29 14:51:55 by Eclipse SUMO GUI Version 1.24.0
<sumoConfiguration xmlns:xsi="http://www.w3.org/2001/XMLSchema-instance" xsi:noNamespaceSchemaLocation="http://sumo.dlr.de/xsd/sumoConfiguration.xsd">

    <input>
        <net-file value="/home/josh/Sumo/SUMO_SIM/../../2025-09-22-15-39-59/osm.net.xml.gz"/>
        <route-files value="/home/josh/Sumo/SUMO_SIM/../../2025-09-22-15-39-59/osm.bus.trips.xml,/home/josh/Sumo/SUMO_SIM/../../2025-09-22-15-39-59/osm.motorcycle.trips.xml,/home/josh/Sumo/SUMO_SIM/../../2025-09-22-15-39-59/osm.passenger.trips.xml,/home/josh/Sumo/SUMO_SIM/../../2025-09-22-15-39-59/osm.truck.trips.xml"/>
        <additional-files value="/home/josh/Sumo/SUMO_SIM/../../2025-09-22-15-39-59/osm.poly.xml.gz,/home/josh/Sumo/SUMO_SIM/../../2025-09-22-15-39-59/output.add.xml"/>
    </input>

    <output>
        <tripinfo-output value="/home/josh/Sumo/SUMO_SIM/../../2025-09-22-15-39-59/tripinfos.xml"/>
        <statistic-output value="/home/josh/Sumo/SUMO_SIM/../../2025-09-22-15-39-59/stats.xml"/>
    </output>

    <processing>
        <ignore-route-errors value="true"/>
        <tls.actuated.jam-threshold value="30"/>
    </processing>

    <routing>
        <device.rerouting.adaptation-steps value="18"/>
        <device.rerouting.adaptation-interval value="10"/>
    </routing>

    <report>
        <verbose value="true"/>
        <duration-log.statistics value="true"/>
        <no-step-log value="true"/>
    </report>

    <gui_only>
        <gui-settings-file value="/home/josh/Sumo/SUMO_SIM/../../2025-09-22-15-39-59/osm.view.xml"/>
    </gui_only>

</sumoConfiguration>
-->

<statistics xmlns:xsi="http://www.w3.org/2001/XMLSchema-instance" xsi:noNamespaceSchemaLocation="http://sumo.dlr.de/xsd/statistic_file.xsd">
    <performance clockBegin="1759175515.27" clockEnd="1759178651.67" clockDuration="3136.40" traciDuration="9.22" realTimeFactor="1.13" vehicleUpdatesPerSecond="601.57" personUpdatesPerSecond="0.00" begin="0.00" end="3540.00" duration="3540.00"/>
    <vehicles loaded="14115" inserted="5947" running="873" waiting="1"/>
    <teleports total="1" jam="0" yield="1" wrongLane="0"/>
    <safety collisions="0" emergencyStops="0" emergencyBraking="1"/>
    <persons loaded="0" running="0" jammed="0"/>
    <personTeleports total="0" abortWait="0" wrongDest="0"/>
    <vehicleTripStatistics count="5074" routeLength="3799.14" speed="11.42" duration="329.86" waitingTime="40.20" timeLoss="101.55" departDelay="0.86" departDelayWaiting="-1.00" totalTravelTime="1673702.00" totalDepartDelay="4350.72"/>
    <pedestrianStatistics number="0" routeLength="0.00" duration="0.00" timeLoss="0.00"/>
    <rideStatistics number="0"/>
    <transportStatistics number="0"/>
</statistics>
